{"accuracy": {"mean": 95.83, "std": 0.54}, "precision": {"mean": 74.96000000000001, "std": 6.710000000000001}, "recall": {"mean": 63.92, "std": 36.26}, "f1": {"mean": 68.37, "std": 3.2800000000000002}, "auc": {"mean": 75.52, "std": 3.19}}