{"accuracy": {"mean": 96.09, "std": 0.33}, "precision": {"mean": 79.67999999999999, "std": 3.7600000000000002}, "recall": {"mean": 60.029999999999994, "std": 32.519999999999996}, "f1": {"mean": 68.88, "std": 2.48}, "auc": {"mean": 74.95, "std": 3.47}}