{"accuracy": {"mean": 96.13000000000001, "std": 0.27}, "precision": {"mean": 82.78, "std": 3.94}, "recall": {"mean": 66.51, "std": 35.35}, "f1": {"mean": 68.03, "std": 2.16}, "auc": {"mean": 75.4, "std": 2.4699999999999998}}