{"accuracy": {"mean": 95.88, "std": 0.44}, "precision": {"mean": 79.32000000000001, "std": 3.75}, "recall": {"mean": 74.56, "std": 30.580000000000002}, "f1": {"mean": 66.25999999999999, "std": 4.29}, "auc": {"mean": 73.68, "std": 3.16}}